{
    "Клуб": [
        1203.6639404296875,
        625.6243896484375
    ],
    "Красная кнопка": [
        991.0476684570312,
        634.944091796875
    ],
    "Прилавок": [
        981.3713989257812,
        543.47119140625
    ],
    "Поиск участника (поле)": [
        1122.7335205078125,
        577.966064453125
    ],
    "Пользователь": [
        1267.705322265625,
        578.0910034179688
    ],
    "Выдать юзера": [
        1220.57421875,
        671.19921875
    ],
    "Выдать сумму": [
        1061.2486572265625,
        662.3707885742188
    ],
    "1": [
        1032.1737060546875,
        644.8921508789062
    ],
    "2": [
        1040.07958984375,
        552.5471801757812
    ],
    "3": [
        1040.271484375,
        551.3958740234375
    ],
    "4": [
        1040.271484375,
        551.3958740234375
    ],
    "5": [
        1040.271484375,
        551.3958740234375
    ],
    "6": [
        1040.271484375,
        551.3958740234375
    ],
    "7": [
        1040.271484375,
        551.3958740234375
    ],
    "8": [
        1040.271484375,
        551.3958740234375
    ],
    "9": [
        1040.271484375,
        551.3958740234375
    ],
    "0": [
        1040.271484375,
        551.3958740234375
    ],
    ".": [
        1040.271484375,
        551.3958740234375
    ]
}